condition,seed,executionTime,extinct,finalPopulation,totalDeaths,totalBorn,finalTimestep,finalMeanWealth,finalSocietalWealth,finalGini,finalMeanTimeToLive
four_peak_egoistic,687,0.0,True,0,286,36,148,0.0,0.0,0.0,0.0
four_peak_egoistic,215,0.0,True,0,282,32,147,0.0,0.0,0.0,0.0
four_peak_egoistic,364,0.0,False,538,34636,34924,5000,78.75,42366.41,0.283,11.03
four_peak_egoistic,380,0.0,False,347,26798,26895,5000,57.74,20035.97,0.154,11.25
four_peak_egoistic,167,0.0,False,1063,84786,85599,5000,67.17,71402.61,0.214,20.46
four_peak_egoistic,374,0.0,True,0,283,33,166,0.0,0.0,0.0,0.0
four_peak_egoistic,855,0.0,False,535,29970,30255,5000,82.02,43879.72,0.302,9.74
four_peak_egoistic,651,0.0,False,553,39359,39662,5000,79.53,43982.02,0.301,10.55
four_peak_egoistic,465,0.0,False,1116,82629,83495,5000,56.84,63434.97,0.211,18.44
four_peak_egoistic,955,0.0,True,0,277,27,215,0.0,0.0,0.0,0.0
four_peak_egoistic,948,0.0,True,0,276,26,187,0.0,0.0,0.0,0.0
four_peak_egoistic,104,0.0,True,0,305,55,256,0.0,0.0,0.0,0.0
four_peak_egoistic,888,0.0,False,1078,71275,72103,5000,66.05,71197.78,0.21,19.87
four_peak_egoistic,979,0.0,False,516,39725,39991,5000,80.33,41451.15,0.273,13.28
four_peak_egoistic,876,0.0,True,0,259,9,130,0.0,0.0,0.0,0.0
four_peak_egoistic,82,0.0,True,0,268,18,149,0.0,0.0,0.0,0.0
four_peak_egoistic,297,0.0,False,1305,90330,91385,5000,57.4,74901.7,0.163,20.1
four_peak_egoistic,792,0.0,False,532,42587,42869,5000,70.06,37273.04,0.265,9.86
four_peak_egoistic,234,0.0,True,0,294,44,176,0.0,0.0,0.0,0.0
four_peak_egoistic,678,0.0,False,543,38273,38566,5000,66.86,36303.1,0.307,9.98
four_peak_egoistic,47,0.0,True,0,261,11,132,0.0,0.0,0.0,0.0
four_peak_egoistic,72,0.0,True,0,318,68,334,0.0,0.0,0.0,0.0
four_peak_egoistic,722,0.0,False,1169,77997,78916,5000,65.93,77074.39,0.19,21.14
four_peak_egoistic,197,0.0,False,1053,77024,77827,5000,64.65,68078.63,0.193,20.15
four_peak_egoistic,592,0.0,False,939,63183,63872,5000,79.55,74695.52,0.248,22.32
four_peak_egoistic,371,0.0,True,0,257,7,152,0.0,0.0,0.0,0.0
four_peak_egoistic,883,0.0,True,0,262,12,128,0.0,0.0,0.0,0.0
four_peak_egoistic,907,0.0,True,0,258,8,98,0.0,0.0,0.0,0.0
four_peak_egoistic,634,0.0,True,0,259,9,118,0.0,0.0,0.0,0.0
four_peak_egoistic,644,0.0,False,1305,95148,96203,5000,57.57,75129.9,0.147,19.75
four_peak_egoistic,850,0.0,False,1238,79077,80065,5000,59.4,73534.9,0.17,20.31
four_peak_egoistic,301,0.0,False,1150,80601,81501,5000,61.65,70892.97,0.184,20.16
four_peak_egoistic,566,0.0,False,1215,92025,92990,5000,61.37,74564.61,0.191,20.03
four_peak_egoistic,81,0.0,True,0,285,35,212,0.0,0.0,0.0,0.0
four_peak_egoistic,388,0.0,False,357,27667,27774,5000,58.78,20983.23,0.151,11.75
four_peak_egoistic,128,0.0,False,668,29418,29836,5000,151.68,101321.7,0.492,23.73
four_peak_egoistic,550,0.0,True,0,289,39,215,0.0,0.0,0.0,0.0
four_peak_egoistic,471,0.0,True,0,293,43,323,0.0,0.0,0.0,0.0
four_peak_egoistic,748,0.0,True,0,285,35,177,0.0,0.0,0.0,0.0
four_peak_egoistic,45,0.0,True,0,269,19,189,0.0,0.0,0.0,0.0
four_peak_egoistic,827,0.0,True,0,277,27,206,0.0,0.0,0.0,0.0
four_peak_egoistic,271,0.0,False,536,34457,34743,5000,87.92,47125.37,0.281,12.91
four_peak_egoistic,619,0.0,False,542,37392,37684,5000,77.14,41812.07,0.277,11.12
four_peak_egoistic,353,0.0,True,0,270,20,213,0.0,0.0,0.0,0.0
four_peak_egoistic,868,0.0,True,0,257,7,115,0.0,0.0,0.0,0.0
four_peak_egoistic,368,0.0,False,1310,95090,96150,5000,53.89,70591.16,0.155,19.05
four_peak_egoistic,100,0.0,False,1107,74786,75643,5000,60.78,67281.35,0.193,19.2
four_peak_egoistic,390,0.0,True,0,286,36,191,0.0,0.0,0.0,0.0
four_peak_egoistic,95,0.0,False,1311,96451,97512,5000,53.16,69686.52,0.17,18.97
four_peak_egoistic,991,0.0,False,492,38163,38405,5000,102.16,50261.94,0.247,15.92
four_peak_egoistic,345,0.0,False,1041,84487,85278,5000,60.37,62849.37,0.215,17.33
four_peak_egoistic,782,0.0,False,1306,99097,100153,5000,59.54,77762.67,0.165,20.69
four_peak_egoistic,221,0.0,False,1149,73228,74127,5000,58.58,67302.86,0.209,18.51
four_peak_egoistic,160,0.0,False,482,23930,24162,5000,98.04,47253.14,0.294,15.28
four_peak_egoistic,965,0.0,False,550,41848,42148,5000,86.24,47430.59,0.263,12.86
four_peak_egoistic,349,0.0,True,0,300,50,318,0.0,0.0,0.0,0.0
four_peak_egoistic,984,0.0,False,1268,96661,97679,5000,59.73,75742.05,0.143,19.87
four_peak_egoistic,715,0.0,True,0,293,43,206,0.0,0.0,0.0,0.0
four_peak_egoistic,164,0.0,False,1108,74196,75054,5000,54.12,59969.49,0.23,16.53
four_peak_egoistic,826,0.0,False,520,40943,41213,5000,90.25,46927.7,0.258,13.47
four_peak_egoistic,778,0.0,True,0,260,10,136,0.0,0.0,0.0,0.0
four_peak_egoistic,7,0.0,True,0,256,6,120,0.0,0.0,0.0,0.0
four_peak_egoistic,891,0.0,True,0,276,26,195,0.0,0.0,0.0,0.0
four_peak_egoistic,829,0.0,True,0,288,38,149,0.0,0.0,0.0,0.0
four_peak_egoistic,285,0.0,False,480,36175,36405,5000,77.76,37324.82,0.277,11.84
four_peak_egoistic,604,0.0,True,0,281,31,169,0.0,0.0,0.0,0.0
four_peak_egoistic,460,0.0,True,0,276,26,165,0.0,0.0,0.0,0.0
four_peak_egoistic,226,0.0,False,1195,82412,83357,5000,52.19,62361.58,0.188,17.7
four_peak_egoistic,430,0.0,False,504,41532,41786,5000,79.02,39827.51,0.281,12.55
four_peak_egoistic,987,0.0,False,1191,87171,88112,5000,61.08,72744.71,0.178,20.04
four_peak_egoistic,719,0.0,True,0,316,66,183,0.0,0.0,0.0,0.0
four_peak_egoistic,666,0.0,True,0,286,36,211,0.0,0.0,0.0,0.0
four_peak_egoistic,734,0.0,True,0,279,29,213,0.0,0.0,0.0,0.0
four_peak_egoistic,204,0.0,True,0,303,53,281,0.0,0.0,0.0,0.0
four_peak_egoistic,575,0.0,True,0,279,29,198,0.0,0.0,0.0,0.0
four_peak_egoistic,28,0.0,False,1318,100992,102060,5000,52.95,69794.38,0.163,18.94
four_peak_egoistic,617,0.0,True,0,289,39,158,0.0,0.0,0.0,0.0
four_peak_egoistic,518,0.0,True,0,285,35,224,0.0,0.0,0.0,0.0
four_peak_egoistic,239,0.0,False,1306,96519,97575,5000,54.61,71327.01,0.172,19.51
four_peak_egoistic,224,0.0,True,0,260,10,149,0.0,0.0,0.0,0.0
four_peak_egoistic,96,0.0,True,0,259,9,134,0.0,0.0,0.0,0.0
four_peak_egoistic,31,0.0,False,956,64964,65670,5000,62.61,59855.19,0.268,17.23
four_peak_egoistic,33,0.0,True,0,291,41,145,0.0,0.0,0.0,0.0
four_peak_egoistic,433,0.0,True,0,273,23,168,0.0,0.0,0.0,0.0
four_peak_egoistic,605,0.0,True,0,306,56,256,0.0,0.0,0.0,0.0
four_peak_egoistic,90,0.0,False,1028,61827,62605,5000,70.35,72323.07,0.272,19.57
four_peak_egoistic,559,0.0,True,0,263,13,144,0.0,0.0,0.0,0.0
four_peak_egoistic,914,0.0,False,534,34906,35190,5000,83.18,44419.59,0.294,13.17
four_peak_egoistic,759,0.0,False,1119,60052,60921,5000,64.64,72335.05,0.258,19.51
four_peak_egoistic,693,0.0,False,1098,75551,76399,5000,62.11,68192.24,0.217,19.02
four_peak_egoistic,105,0.0,False,395,31435,31580,5000,104.01,41085.81,0.302,15.25
four_peak_egoistic,755,0.0,False,449,32083,32282,5000,88.07,39545.04,0.292,11.85
four_peak_egoistic,143,0.0,False,1172,88843,89765,5000,64.41,75485.76,0.194,20.68
four_peak_egoistic,229,0.0,True,0,264,14,146,0.0,0.0,0.0,0.0
four_peak_egoistic,251,0.0,False,380,16380,16510,5000,157.96,60022.99,0.464,16.75
four_peak_egoistic,282,0.0,False,1301,100102,101153,5000,56.89,74020.2,0.171,20.15
four_peak_egoistic,760,0.0,False,1252,82294,83296,5000,61.0,76366.68,0.16,20.47
four_peak_egoistic,26,0.0,False,1231,89785,90766,5000,61.32,75479.1,0.163,20.77
four_peak_egoistic,115,0.0,False,189,14648,14587,5000,84.06,15887.05,0.287,9.09
four_peak_egoistic,655,0.0,True,0,272,22,135,0.0,0.0,0.0,0.0
